[{
  "flight_no": "BJ2344",
  "departure_time": "14:30",
  "boarding_time": "14:00",
  "destination": "Beijing",
  "place_of_departure": "Shenzhen"
},{
  "flight_no": "WH2156",
  "departure_time": "12:30",
  "boarding_time": "12:00",
  "destination": "Wuhan",
  "place_of_departure": "Beijing"
},{
  "flight_no": "TJ6544",
  "departure_time": "20:30",
  "boarding_time": "20:00",
  "destination": "Tianjin",
  "place_of_departure": "Nanchang"
},{
  "flight_no": "SH8102",
  "departure_time": "09:30",
  "boarding_time": "09:00",
  "destination": "Shanghai",
  "place_of_departure": "Beijing"
}]